O2021120000001,zhang 1,18888888888,188.88,2021-11-10 10:00:00
O2021120000002,zhang 2,18888888889,288.88,2021-11-10 10:00:01
O2021120000003,zhang 3,18888888811,388.88,2021-11-10 10:00:02
O2021120000004,zhang 4,18888888812,488.88,2021-11-10 10:00:03
O2021120000005,zhang 5,18888888813,588.88,2021-11-10 10:00:04
O2021120000006,zhang 6,18888888814,688.88,2021-11-10 10:00:05
O2021120000007,zhang 7,18888888815,788.88,2021-11-10 10:00:06
O2021120000008,zhang 8,18888888816,888.88,2021-11-10 10:00:07
O2021120000009,zhang 9,18888888817,988.88,2021-11-10 10:00:08
O2021120000010,zhang 10,18888888818,1088.88,2021-11-10 10:00:09
O2021120000011,zhang 11,18888888819,1188.88,2021-11-10 10:00:10
O2021120000012,zhang 12,18888888820,1288.88,2021-11-10 10:00:11
O2021120000013,zhang 13,18888888821,1388.88,2021-11-10 10:00:12
O2021120000014,zhang 14,18888888822,1488.88,2021-11-10 10:00:13
O2021120000015,zhang 15,18888888823,1588.88,2021-11-10 10:00:14
